Kode,village,longitude,latitude,EC,TDS,F,NO3,pH
1,Adilabad,78.5247,19.6683,1407,900.48,0.34,943.377,8.21
2,Bazarhatnur,78.35083,19.45889,1620,1036.8,0.34,1731.739,8.29
3,Gudihatnoor,78.51222,19.52556,959,613.76,0.62,4123.399,8.34
4,Jainath,78.64,19.73056,509,325.76,0.91,1926.615,8.22
5,Narnoor,78.85265,19.49567,550,352,1.23,3242.028,8.29
6,Neradigonda,78.41216,19.29375,1041,666.24,0.46,429.613,8.19
7,Talamadugu,78.3969,19.6334,1970,1260.8,0.83,1310.984,8.33
8,Tamsi,78.4268,19.6811,800,512,1.51,4291.701,8.32
9,Utnoor,78.7685,19.3789,459,293.76,1.15,13.287,8.31
10,Annapureddypalli,80.8261,17.35452,280,179.2,0.08,376.465,8.33
11,Aswapuram,80.80924,17.84168,1871,1197.44,0.46,168.302,8.05
12,Bhadrachalam,80.90092,17.66678,1167,746.88,0.77,553.625,8.34
13,M.Banjara,80.7911,17.6447,2030,1299.2,1.52,172.731,7.99
14,Ravikampadu,80.6106,17.3986,2810,1798.4,0.54,6089.875,8.09
15,Kanchanapalli,80.42,17.79,895,572.8,0.51,190.447,8.22
16,P. Narsapuram,80.52032,17.43817,4050,2592,0.64,575.77,8.23
17,Karakagudem,80.56815,18.03466,854,546.56,0.27,128.441,7.99
18,Laxmidevipalli,80.619,17.573,1310,838.4,0.31,101.867,8.75
19,Pagideru,80.73,17.97,1128,721.92,1.22,22.145,7.94
20,REGELLA,80.58,17.95,222,142.08,0.16,75.293,8.25
21,Bethampudi,80.45,17.56,2020,1292.8,0.5,1882.325,7.75
22,Mutyalampadu,80.5,17.54,2680,1715.2,4.6,952.235,8.25
23,Komararam,80.32,17.71,584,373.76,2.2,376.465,7.98
24,Chelpur(D),79.8535,18.36855,259,165.76,0.34,1005.383,8.21
25,Shankarampally 125(D),79.8983,18.6022,496,317.44,0.43,1997.479,8
26,Ambatipalli,80.06186,18.69568,210,134.4,0.05,2351.799,8.01
27,Regonda,79.7775,18.24,270,172.8,0.06,363.178,7.76
28,S.R.Nagar,78.44392,17.44233,697,446.08,1.28,5381.235,6.84
29,Himayanagar,78.44525,17.39764,536,343.04,0.64,4.429,7.47
30,Kulsanapur,78.437,17.374,1026,656.64,1.09,79.722,8.44
31,Chandraingutta,78.484,17.333,1085,694.4,0.73,2502.385,7.56
32,Darul Shifa,78.485,17.381,828,529.92,0.86,31.003,8.11
33,Maredpally(s),78.509,17.441,853,545.92,1.91,163.873,7.75
34,Nampally,78.474,17.385,908,581.12,0.89,26.574,8.65
35,Juvinile home,78.508,17.361,1061,679.04,1.19,5425.525,8.23
36,Dharmapuri,79.10194,18.94694,1729,978.56,0.55,806.078,8.1
37,Gollapalli,79.0522,18.7906,994,572.16,1.36,3578.632,8.12
38,Ibrahimpatnam,78.57944,18.89861,1073,686.72,2.81,1293.268,8.14
39,Jagityal,78.8461,18.8252,936,599.04,0.15,1784.887,7.96
40,Kathalapur,78.68972,18.75278,1214,776.96,1.06,3343.895,7.99
41,Chepial,78.93583,18.62472,1152,553.6,1.36,876.942,8.17
42,Korutla,78.70639,18.81861,1186,759.04,1.82,2272.077,8.07
43,Mallapur,78.7064,18.9647,742,474.88,0.86,1014.241,8.17
44,Nukapalli,78.9222,18.7094,2280,1459.2,2.05,4.429,8.09
45,Metpalli,78.62056,18.84778,1425,912,2.35,106.296,7.93
46,Pegadapalli,79.06444,18.70639,1236,663.04,4.71,726.356,8.22
47,Raikal,78.80285,18.91034,954,610.56,1.37,4167.689,8.14
48,Sarangapur,78.95806,18.92972,1228,785.92,2.04,1390.706,7.92
49,Velgatur,79.1697,18.8353,1374,879.36,0.72,124.012,7.98
50,Bachannapet,79.0422,17.7908,695,444.8,2.08,3197.738,8.27
51,Singarajupalli,79.2738,17.5919,818,523.52,1.1,3335.037,8.25
52,Jangaon,79.1474,17.6973,1108,709.12,1.16,79.722,8.1
53,Lingala ghanpur,79.1997,17.6591,1699,1087.36,0.46,141.728,8.22
54,Palakurthi,79.4225,17.6691,345,220.8,0.87,1700.736,8.3
55,Raghunadhapalli,79.2636,17.7647,1342,858.88,1.75,4136.686,8.39
56,Zafergad,79.487,17.7651,797,510.08,0.38,75.293,8.32
57,Alampur,78.1211,15.89644,3530,2259.2,2.67,48.719,8.05
58,Dharoor,77.67891,16.22439,1598,1022.72,0.29,1616.585,7.92
59,Neelahally,77.64179,16.26521,1667,1066.88,1.13,57.577,7.78
60,Gadwal,77.8021,16.2326,3190,2041.6,0.53,1173.685,7.58
61,Gattu,77.5757,16.1287,1166,746.24,0.45,907.945,7.75
62,Ieeza,77.67161,16.01518,2230,1427.2,2.2,509.335,8.47
63,Kondapur,77.8315,16.0701,2140,1369.6,0.23,416.326,7.73
64,Kuchinerla,77.526,16.179,3380,2163.2,0.28,633.347,7.07
65,Maldakal,77.6876,16.12967,1326,848.64,0.46,9234.465,7.12
66,Manopad,77.9533,15.9656,5550,3552,0.85,487.19,7.98
67,Santhinagar,77.839,15.94,4800,3072,0.62,199.305,7.89
68,Bansawada,77.879,18.393,1820,1164.8,4.94,88.58,8.27
69,Bhiknoor,78.399,18.196,1101,704.64,0.69,473.903,8.44
70,P.D.Mallareddy,78.453,18.173,331,211.84,0.85,57.577,8.08
71,Bibipet,78.523,18.205,857,548.48,0.64,788.362,8.2
72,Pulkal,77.767,18.399,1113,712.32,0.79,4938.335,8.25
73,Domakonda,78.436,18.25,765,489.6,2.52,279.027,8.64
74,Gandhari,78.107,18.396,857,548.48,1.26,456.187,8.05
75,Sarvapoor,77.9851,18.3647,791,506.24,3.23,2546.675,8.01
76,Jukkal,77.604,18.364,1463,936.32,2.59,1430.567,8.26
77,Adloor,78.3435,18.3438,442,282.88,1.86,3521.055,7.2
78,Narasannapally,78.3617,18.2686,1350,864,0.68,9145.885,8.15
79,Bhavanipet,78.058,18.2791,985,630.4,0.97,624.489,7.54
80,Machareddy,78.493,18.329,424,271.36,0.89,420.755,7.88
81,Menoor,77.652,18.483,617,394.88,0.43,4584.015,8.19
82,Malthummeda,78.142,18.114,730,467.2,0.99,2015.195,7.79
83,Nasurullabad,77.873,18.468,206,131.84,0.34,4849.755,7.89
84,Mohammadnagar,77.90866,18.2931,2490,1593.6,1.14,318.888,7.8
85,Argonda,78.272,18.234,1461,935.04,1.55,1020.885,8.31
86,Reddypet,78.417,18.409,842,538.88,0.74,2856.705,7.72
87,Sadasivanagar,78.264,18.406,812,519.68,0.99,256.882,7.95
88,Yerrapahad,78.223,18.293,934,597.76,0.75,1319.842,7.59
89,Rukmapur,79.1461,18.5334,512,327.68,0.41,3450.191,7.63
90,Gangadhara,79.00889,18.57944,601,384.64,1.46,2520.101,8.2
91,Huzurabad,79.40757,18.18949,727,465.28,1.21,4331.562,7.87
92,Saidapur,79.30517,18.2148,670,428.8,3.84,372.036,8.02
93,Alugunur,79.15123,18.40087,491,314.24,1.26,2059.485,7.75
94,Mustikunta,80.22314,17.04081,2428,1553.92,0.36,354.32,7.69
95,Kallur,80.5467,17.21,1608,1029.12,0.77,938.948,8.25
96,Kothalingala,80.2378,17.42945,958,613.12,0.94,3571.989,8.68
97,M.V.Palem,80.0969,17.2967,2080,1331.2,0.36,3908.593,8.12
98,Khammam I,80.1333,17.2333,902,577.28,1.5,150.586,8.68
99,Khammam-II,80.1436,17.2525,1507,964.48,0.69,1122.752,8.47
100,Konijerla,80.2908,17.2211,1041,666.24,0.69,3620.708,8.59
101,Kusumanchi,79.9583,17.2208,732,468.48,0.89,159.444,8.39
102,Mudigonda,80.0986,17.1875,1095,700.8,0.54,1873.467,8.41
103,Prakashnagar,80.8942,17.1942,598,382.72,0.99,8304.375,8.99
104,Anjanapuram,80.4625,17.2147,1639,1048.96,1.18,66.435,8.82
105,Bachode,79.9006,17.2997,1240,793.6,0.85,66.435,8.5
106,Tirumalayapalem,80.0509,17.31745,1349,863.36,0.49,2830.131,8.16
107,Vemsur,80.805,17.1442,1454,930.56,0.47,119.583,8.09
108,Banigandlapadu,80.48,16.86,1375,880,0.97,8835.855,8.81
109,Asifabad,79.28607,19.35962,1595,1020.8,1.35,686.495,8.01
110,Kagaznagar,79.497,19.35571,815,521.6,1.14,3826.656,7.65
111,Kerameri,79.05625,19.444,883,565.12,0.42,4154.402,7.9
112,Kowthala,79.7324,19.5219,656,419.84,0.56,1966.476,8.22
113,Rebbena II,79.41597,19.257,1483,949.12,1.14,806.078,7.72
114,Tiryani,79.27225,19.17447,1072,686.08,0.75,2515.672,8
115,Dhantalapally,79.7347,17.5147,1890,1209.6,2.1,673.208,7.69
116,Mannegudem,80.04388,17.37412,920,588.8,2.96,1430.567,8.19
117,Kesamudram,79.9069,17.6816,1690,1081.6,0.9,2143.636,7.89
118,Ayyagaripally,79.9886,17.503,1920,1228.8,1.23,1147.111,8.15
119,Mahabubabad,80.0011,17.5983,2030,1299.2,1.04,894.658,7.77
120,Marripeda,79.8941,17.3852,1930,1235.2,1.01,124.012,8.29
121,Nellikudur,79.7597,17.5897,1161,743.04,2.45,757.359,8.26
122,Torrur,79.6611,17.5836,999,639.36,0.9,1629.872,8.27
123,Elkicherla,78.116,16.623,822,526.08,1.13,465.045,8.25
124,Damagnapur,77.7554,16.4997,920,588.8,0.58,243.595,8.79
125,Kurumurthy,77.81676,16.44144,997,638.08,1.46,863.655,8.36
126,Thirmalapur,77.82427,16.48271,760,486.4,0.71,199.305,8.66
127,Devarakadra,77.83284,16.6058,1135,726.4,2.62,2192.355,8.89
128,Hanwada,77.89725,16.80838,1690,1081.6,0.4,208.163,8.2
129,Jadcherla,78.1224,16.77418,1734,1109.76,0.99,775.075,7.53
130,Dammaipally,77.89946,16.75999,1704,1090.56,0.52,952.235,8.06
131,Kodur,77.924,16.68,1072,686.08,1.38,234.737,8.44
132,Yenugonda,78.02098,16.76129,2000,1280,1.2,101.867,7.89
133,Kothapalli,78.2315,16.7506,2335,1494.4,1.01,1970.905,8.25
134,Nawabpet,78.0239,16.888,1896,1213.44,1.6,1074.033,8.12
135,Bellampally I,79.50311,19.07203,1168,747.52,0.51,1926.615,7.45
136,Chennur I,79.78022,18.85222,794,508.16,1.04,1080.676,7.87
137,Jaipur,79.57997,18.84428,2920,1868.8,1.21,199.305,8.1
138,Mandamarri,79.47785,18.97868,1546,989.44,0.92,2028.482,7.7
139,Tandur,79.45625,19.15787,804,514.56,0.85,2338.512,8.11
140,Neelwai,79.81505,19.04799,490,313.6,0.76,17.716,7.97
141,Chegunta,78.5186,17.9341,687,439.68,2.43,1040.815,8.51
142,Mutayapally,78.2189,18.0845,859,549.76,1.12,217.021,8.29
143,Rangampet,78.1176,17.9451,722,462.08,0.97,996.525,7.98
144,Medak,78.2708,18.0528,789,504.96,0.84,150.586,8.37
145,Narasapur,78.2819,17.735,1309,837.76,1.01,66.435,7.59
146,Reddypally,78.2633,17.7856,1831,1171.84,0.95,695.353,7.71
147,Papannapet,78.08535,18.04217,1107,708.48,1.15,1439.425,8.39
148,T.lingampally,77.82796,17.94335,789,504.96,0.87,270.169,9.19
149,Gavvalapalli,77.9172,18.0517,747,478.08,1.44,318.888,8.38
150,Shankarampet,78.372,17.971,2570,1644.8,0.57,256.882,7.65
151,Gudur,78.3674,17.7817,876,560.64,0.79,208.163,8.52
152,Usrikapally,78.3949,17.8211,1378,881.92,1.01,31.003,8.09
153,Tekmal,78.0304,17.9754,569,364.16,0.98,509.335,8.8
154,Islampur,78.4746,17.8772,388,248.32,2.2,101.867,7.27
155,Toopran,78.4775,17.8413,2580,1651.2,0.34,4539.725,7.45
156,Edulapally,78.3492,17.9672,1303,833.92,1.36,97.438,7.42
157,Kukunoor,78.3208,17.9146,382,244.48,0.77,243.595,7.69
158,Ramayapally,78.3213,17.9453,509,325.76,0.81,110.725,7.93
159,Old Alwal,78.508,17.494,1420,908.8,1.97,2280.935,7.61
160,Balanagar 1,78.45,17.47,1792,1146.88,1.38,39.861,7.91
161,Kaithalapur,78.4,17.47,2580,1651.2,1,159.444,7.98
162,Kukatpally 1,78.397,17.481,404,258.56,0.45,26.574,7.59
163,Malkajgiri,78.535,17.449,1223,782.72,2.24,132.87,7.36
164,Gajularamaram 2,78.42,17.53,1130,723.2,1.2,35.432,7.55
165,Qutubullapur 2,78.46,17.5,740,473.6,1.32,44.29,8.02
166,Shapurnagar,78.44,17.54,1285,822.4,0.94,35.432,7.4
167,Eturu Nagaram (D),80.44002,18.35965,310,198.4,0.12,3217.031,7.99
168,Eturu Nagaram (S),80.4232,18.3374,315,201.6,0.11,3491.655,7.88
169,Pasra,80.17152,18.20744,1576,1008.64,1.08,5492.491,8.25
170,Project Nagar,80.1944,18.2616,510,326.4,0.2,1961.604,7.95
171,Balmur,78.56638,16.33113,1436,919.04,0.75,686.495,7.52
172,Bijinepalli,78.19642,16.53528,1280,819.2,0.54,110.725,7.52
173,Kalwakuthy,78.488,16.667,1562,999.68,1.82,1129.395,7.68
174,Kodair,78.27434,16.26962,1972,1262.08,0.69,3698.215,8.64
175,Kollapur,78.306,16.107,3860,2470.4,0.45,3521.055,8.15
176,Ambatipally,78.446,16.277,1758,1125.12,1.51,128.441,8.63
177,Nagarkurnool,78.30262,16.49174,934,597.76,1.81,4938.335,8.59
178,Telkapally,78.44031,16.43509,1478,945.92,1.58,8.858,9.06
179,Gummakonda,78.19,16.6224,1669,1068.16,0.83,221.45,8.52
180,Uppununthala,78.59133,16.45002,1481,947.84,0.42,115.154,8.55
181,Veldanda,78.5211,16.73106,838,536.32,0.98,775.075,8.65
182,Ulsaipalem,79.4997,16.70682,985,630.4,1.25,1180.329,8.1
183,Anumula,79.28955,16.79879,1846,1181.44,5.22,1346.416,8.64
184,Chintagudem,79.29209,16.83309,1347,862.08,1.48,1822.534,8.93
185,Rajavaram,79.40751,16.68016,1300,832,348,659.921,8.08
186,Sreerampur,79.30464,16.72911,1143,731.52,988,5673.549,8.49
187,Chandampet,78.88836,16.57848,1886,1207.04,1.21,66.435,7.3
188,Angadipet,79.01842,16.98408,2510,1606.4,2.56,1946.546,8.56
189,Bangarigadda,79.01136,16.98467,1320,844.8,3.02,2462.524,8.1
190,Chandur,79.0601,16.9681,1010,646.4,1.55,128.441,8.01
191,Sirdepally,79.06308,17.01489,2430,1555.2,1.41,2641.899,8.93
192,Veliminedu,79.02017,17.22892,1482,948.48,0.71,1492.573,8.14
193,Padamtipally,78.79738,16.67664,610,390.4,1.08,1302.126,9.02
194,Tatikole,78.85665,16.62524,908,581.12,2.48,1700.736,8.66
195,Vavikole,78.76505,16.67579,2320,1484.8,4.17,159.444,8.18
196,Gurrampode,79.09138,16.85171,1101,704.64,333,1204.688,7.91
197,Koppole,79.14688,16.91462,864,552.96,655,349.891,8
198,K.Mallepally,78.98103,16.72939,2290,1465.6,532,3326.179,8.09
199,kanagala,79.19843,16.93734,1343,859.52,641,3932.952,8.23
200,Cheruvu Annaram,79.35425,17.19865,1941,1242.24,305,3162.306,7.87
201,Kattangur,79.3203,17.16189,2490,1593.6,1.4,3653.925,8.26
202,Marriguda,78.86381,16.93992,1388,888.32,2.94,1038.601,8.27
203,Kistapur,79.01703,17.15625,1590,1017.6,1.77,1286.625,8.53
204,Kompalli,78.99372,17.09931,603,385.92,529,283.456,8.06
205,Arlagaddagudam,79.40064,17.13911,1432,916.48,0.65,2655.186,8.61
206,Nakrekal,79.42098,17.15934,1334,853.76,481,3197.738,8.09
207,Vallabhapur,79.4799,17.23895,2180,1395.2,291,1862.395,7.92
208,Mushampally,79.32478,16.97492,1215,777.6,1.04,2821.273,8.28
209,S L B C G V guda,79.30091,17.06018,1049,671.36,1.76,1722.881,8.16
210,Seetarampuram,79.21675,17.11031,1541,986.24,422,1359.703,8.2
211,Akkenepally,79.23565,17.29008,2400,1536,2.08,571.341,8.75
212,Narketpalli,79.19131,17.20025,811,519.04,3.66,44,8.03
213,Nidamanur,79.28528,16.84,2260,1446.4,1.15,2354.014,8.08
214,Angadipet,79.08447,16.71656,1624,1039.36,451,1636.516,7.96
215,Velmaguda,79.18302,16.77852,1340,857.6,2.91,9721.655,8.24
216,P.Kondaram,79.42306,17.24944,2590,1657.6,989,1392.921,8.45
217,Thipparthy,79.41831,17.01375,1294,828.16,1.34,3554.273,8.9
218,Mamidala,79.465,17.06521,4180,2675.2,705,7872.548,8.15
219,Kosigi,77.70551,16.98463,1890,1209.6,0.55,2635.255,7.95
220,Maddur,77.607,16.857,1183,757.12,0.75,513.764,7.63
221,Makthal,77.5001,16.50052,1380,883.2,1.14,39.861,8.59
222,Marikal,77.69817,16.59204,1870,1196.8,0.99,7817.185,8.3
223,Kollampally,77.61689,16.66794,1030,659.2,2.53,159.444,8.98
224,Kotakonda,77.6378,16.754,2480,1587.2,0.49,3299.605,7.77
225,Narayanapet,77.4812,16.7423,850,544,0.6,1652.017,8.52
226,Narva,77.6567,16.4706,2280,1459.2,1.59,597.915,8.51
227,Utkoor,77.5003,16.6407,1824,1167.36,0.87,8791.565,8.19
228,Chinnaporla,77.51696,16.58122,2240,1433.6,1.25,1262.265,8.39
229,Kadam,78.77594,19.09661,1705,1091.2,1.7,155.015,8.32
230,Khanapur,78.66213,19.04709,719,460.16,1.39,761.788,8.4
231,Kubeer,77.94583,19.2495,669,428.16,0.81,403.039,8.36
232,Kuntala,78.1004,19.1693,1369,876.16,1.33,4318.275,8.3
233,Laxmanchanda,78.46086,19.01706,552,353.28,0.45,3317.321,8.02
234,Abdullapur,78.0378,18.9703,925,592,0.48,4034.819,8.16
235,Lokeswaram,78.0899,19.0245,411,263.04,0.91,713.069,8.32
236,Mamada,78.52292,19.07797,720,460.8,1.43,615.631,8.1
237,Nirmal,78.34353,19.09242,775,496,0.96,4.429,8.09
238,Beeravelly,78.26197,19.13964,1240,793.6,1.4,735.214,8.21
239,Bhosi,77.87944,19.10933,1152,737.28,0.27,1833.606,8.17
240,perkit,78.315,18.808,1150,736,0.93,1877.896,7.8
241,Bheemgal,78.442,18.715,2310,1478.4,0.59,2447.023,7.92
242,Bodhan,77.8925,18.6705,1379,882.56,0.56,3122.445,7.17
243,Ramadugu,78.309,18.613,1069,684.16,1.31,3786.795,7.23
244,Yanampally,78.249,18.627,593,379.52,0.76,2192.355,7.62
245,Gannaram,78.23489,18.5125,1266,810.24,0.6,1490.359,7.5
246,Jakrampally,78.2716,18.7072,1109,709.76,0.86,859.226,7.8
247,Inayathnagar,78.56488,18.70868,850,544,1.92,97.438,7.45
248,Kallur,77.77381,18.51596,1950,1248,0.44,265.74,7.06
249,Morthad,78.449,18.826,586,375.04,0.5,8171.505,7.83
250,Manchippa,78.114,18.539,1105,707.2,0.49,1359.703,7.96
251,Mupkal,78.36162,18.913,953,609.92,0.74,434.042,7.25
252,Ailapoor,78.114,18.853,1176,752.64,0.93,1140.468,8.37
253,Nutpally,78.2182,18.9365,926,592.64,0.64,5115.495,7
254,Velmal,78.143,18.831,1180,755.2,0.42,2318.582,7.75
255,Arsapally,78.06863,18.68534,1058,677.12,0.92,3919.665,7.91
256,Dupally,77.991,18.733,850,544,1.92,97.438,7.45
257,Rayakur,77.8575,18.6102,2060,1318.4,1.27,1007.598,7.55
258,Peddavolgote,78.426,18.604,2350,1504,0.89,1463.785,7.14
259,Ankushpur,78.396,18.811,569,364.16,1.03,1705.165,7.75
260,Vailpoor,78.386,18.773,1149,735.36,0.72,420.755,7.75
261,Varni,77.903,18.543,700,448,1.05,31.003,7.9
262,Yedapalli,77.954,18.678,773,494.72,1.64,4.429,7.97
263,Dharmaram,79.1872,18.7453,1225,784,1.36,2280.935,8.24
264,Eligedu,79.26094,18.55216,721,461.44,1.47,1567.866,8.16
265,Julapalli,79.2492,18.6205,1751,1120.64,3.66,4.429,8.21
266,Odella,79.46,18.4528,1749,1119.36,0.31,1031.957,7.98
267,Peddapalli,79.39,18.6017,1315,841.6,1.57,1076.247,7.07
268,Alur,78.064,17.324,426,272.64,1.33,775.075,8.16
269,Amangal,78.5425,16.8442,1898,1214.72,0.54,44.29,7.7
270,Gachibowli,78.368,17.43,1104,706.56,1.39,39.861,8.25
271,Kandukur,78.48,17.08,847,542.08,1.17,5159.785,8
272,Keshampet,78.32938,16.94395,2040,1305.6,0.54,2059.485,7.99
273,Kothur,78.2879,17.1587,2830,1811.2,0.41,2148.065,7.77
274,Madgula,78.68788,16.84334,1030,659.2,1.07,1173.685,7.32
275,Maheswaram,78.439,17.135,1168,747.52,0.84,996.525,7.99
276,Manchal,78.739,17.16,2280,1459.2,1.34,279.027,8.01
277,Mangalpally,78.598,17.22,958,613.12,1.35,969.951,8.29
278,Moinabad,78.29,17.33,974,623.36,0.64,1085.105,7.98
279,Palmokole,78.301,17.204,1841,1178.24,0.82,863.655,7.82
280,Rajender Nagar,78.405,17.316,2990,1913.6,1.39,48.719,7.11
281,Shadnagar,78.18462,17.06319,1625,1040,1.12,101.867,8.05
282,Shahbad,78.104,17.202,658,421.12,1.01,775.075,7.44
283,Shankarpalli,78.131,17.453,1090,697.6,0.33,819.365,8.02
284,Talakondapalli,78.413,16.89,896,573.44,2.05,792.791,7.52
285,Yacharam,78.67,17.05,212,135.68,0.08,22.145,8.03
286,Jogipet,78.07297,17.83581,1126,720.64,0.71,863.655,7.95
287,Gummadiddla,78.3679,17.6849,1207,772.48,0.7,57.577,7.76
288,Borapatla,78.1571,17.6713,609,389.76,1.21,39.861,7.91
289,Nasthipur,78.2185,17.7047,654,418.56,1.5,4096.825,7.55
290,Ootla,78.3194,17.6309,1174,751.36,1.2,1217.975,7.67
291,Bachapally,77.868,18.1386,1190,761.6,0.72,323.317,7.58
292,Meerkhanpally,77.8515,18.1237,1012,647.68,0.83,181.589,8.09
293,Byathole,78.1892,17.6111,1438,920.32,1.54,1623.229,8.13
294,Isnapur,78.2006,17.5519,1796,1149.44,1.71,39.861,7.67
295,Patancheruvu,78.27017,17.52583,807,516.48,1.25,1873.467,8.06
296,R.C.Puram,78.3003,17.5091,977,625.28,1.28,101.867,8.37
297,Gajwel,78.6847,17.8447,805,515.2,2.38,597.915,8.29
298,Munigadapa,78.8242,17.8133,1415,905.6,0.7,163.873,7.64
299,Bhoompalli,78.5972,18.1208,1029,658.56,1.36,465.045,8.33
300,Mulugu,78.6333,17.7214,590,377.6,2.67,124.012,8.25
301,Rampur,78.9925,18.0888,630,403.2,1.12,53.148,8.06
302,Raipole,78.6181,17.9256,513,328.32,1.37,1085.105,7.87
303,Siddipet,78.8375,18.1033,655,419.2,3.03,48.719,8
304,Majidpalli,78.5866,17.8233,727,465.28,1.64,48.719,7.89
305,Narmal,78.55257,18.28373,1290,825.6,1.02,522.622,8.24
306,Illanthukunta,78.95639,18.31194,835,534.4,1.03,3963.955,8.11
307,Nizamabad,78.7189,18.4703,608,389.12,1.19,4327.133,7.24
308,Sircilla(urban),78.78308,18.35555,1650,1056,0.57,3485.623,7.19
309,Vemulawada(rural),78.86389,18.48642,2230,1427.2,1.48,1545.721,7.26
310,Racherla Boppaspur,78.61681,18.3772,909,581.76,0.86,3848.801,7.09
311,Kodur,79.62284,17.31655,805,515.2,1.25,84.151,8.52
312,Nagaram,79.49697,17.38669,890,569.6,0.92,438.471,8.24
313,B. Chandupatla,79.71867,17.14175,947,606.08,1.05,952.235,8.8
314,Raghunadhapalem,79.88532,16.75354,1555,995.2,0.78,53.148,8.48
315,Mellacheruvu,79.90452,16.83738,736,471.04,0.35,3388.185,8.33
316,Nuthankal,79.69183,17.33383,984,629.76,0.92,2280.935,8.69
317,Thungathurthi,79.59122,17.39874,833,533.12,1.41,75.293,9.02
318,Bantwaram,77.696,17.445,632,404.48,476,4931.692,7.98
319,Basheerabad,77.444,17.211,1536,983.04,709,1191.401,7.55
320,Bomraspet,77.71942,17.164,825,528,944,553.625,7.11
321,Dharoor,77.774,17.303,1143,731.52,964,2602.038,7.59
322,Doma,77.836,17.088,906,579.84,767,6887.095,7.62
323,Doulathabad,77.5415,16.9983,1263,808.32,1.12,3565.345,7.11
324,Kodangal,77.6011,17.0992,1703,1089.92,832,1129.395,7.33
325,Rudraram (S),77.511,17.133,1663,1064.32,408,190.447,7.34
326,Marpalli,77.771,17.529,477,305.28,653,356.756,9.31
327,Vattinenipally(s),77.983,17.445,550,352,0.48,7108.545,7.98
328,Parigi,77.88,17.18,1056,675.84,265,447.329,7.15
329,Peddamul,77.66,17.33,1594,1020.16,603,5463.172,7.31
330,Pudur,77.957,17.264,284,181.76,522,3467.907,7.8
331,Tandur,77.591,17.251,1084,693.76,1.45,403.039,7.62
332,Vikarabad(S),77.914,17.321,615,393.6,325,2148.065,7.15
333,Yalal,77.64,17.2,351,224.64,1.47,4318.275,7.02
334,Atmakuru,77.806,16.337,1074,687.36,1.7,775.075,7.74
335,Ghanapur,78.04645,16.56306,1587,1015.68,0.9,2619.754,7.72
336,Gopalpet,78.1348,16.3786,2900,1856,1.05,2551.104,7.84
337,Kanaipally,77.96025,16.38826,1361,871.04,546,212.592,7.46
338,Pangal,78.10448,16.24721,1059,677.76,1.45,420.755,7.9
339,Ayyavaripalli,78.0236,16.1156,3040,1945.6,0.11,5660.262,7.16
340,Peddamandadi,78.0251,16.4306,1083,693.12,0.83,952.235,7.76
341,Atmakur,79.738,18.0686,3980,2547.2,0.69,3042.723,8.2
342,Chennaraopet,79.8722,17.883,3140,2009.6,1,1864.609,8.26
343,Duggondi,79.8077,18.0194,640,409.6,1.1,1430.567,8.27
344,Khanapur,79.93,17.8988,1282,820.48,1.38,868.084,8.23
345,Narasampet,79.8875,17.9227,442,282.88,1.04,438.471,8.3
346,Ameenpet,79.8003,17.8081,1447,926.08,2.89,97.438,8.22
347,Parkal,79.6374,18.2016,838,536.32,1.87,4424.571,8.29
348,Parvathagiri,79.72399,17.74447,1044,668.16,0.99,1864.609,8.21
349,Rayaparthy,79.5473,17.6942,1135,726.4,1.01,4282.843,8.24
350,Sangem,79.7113,17.8844,792,506.88,0.55,2905.424,8.05
351,Wardhannapet,79.5794,17.773,1198,766.72,0.78,434.042,8.28
352,Vangara,79.345,18.13389,536,343.04,1.62,4322.704,7.99
353,Narayanagiri,79.3769,17.9905,2150,1376,2.52,460.616,7.76
354,Hanumkonda,79.5577,18.0008,420,268.8,0.42,146.157,7.59
355,Mamnoor,79.5969,17.9069,769,492.16,0.85,1891.183,8.32
356,Seethampet,79.5153,18.0776,1030,659.2,2.44,593.486,7.48
357,Shanigaram,79.59719,18.18408,1320,844.8,1.07,3401.472,7.68
358,Charbowli,79.607,17.9819,430,275.2,0.42,150.586,8.29
359,Kolanpaka,79.0196,17.69706,1611,1031.04,1.98,1565.652,8.61
360,B.Pochampalli,78.81077,17.3362,2210,1414.4,1.46,3091.442,8.03
361,Bibinagar,78.8016,17.46034,2190,1401.6,1.36,4632.734,7.61
362,D.Malkapur,78.80322,17.25826,1628,1041.92,2.77,1714.023,8.21
363,Kanchanapalli,79.33964,17.40375,357,228.48,908,66.435,8.38
364,Bondugala,78.9665,17.76831,1175,752,2.11,252.453,8.1
365,Kurraram,78.92987,17.77549,825,528,482,6975.675,8.04
366,Rajapet,78.93297,17.72943,1974,1263.36,809,4090.182,7.84
367,Somaram,78.99179,17.72567,474,303.36,2.09,2730.479,8.77
368,Ramanapet,79.09509,17.28312,2440,1561.6,2.26,1348.631,8.16
369,S.Narayanpur,78.86001,17.14472,2050,1312,739,4743.459,8.02
370,Gandamalla,78.85383,17.7331,1461,935.04,865,9145.885,8.08
371,T. somaram,78.95229,17.39995,902,577.28,866,589.057,8.62
372,Vemulakonda,79.14343,17.34778,4710,3014.4,564,3211.025,7.66
373,,,,,,,,